<?xml version="1.0" encoding="UTF-8"?>
<!DOCTYPE Runtime SYSTEM "http://admin.brightcove.com/dtds/beml_rt.dtd">
<Runtime>
	<Theme name="Deluxe" style="Light">
		<Style id="default"><![CDATA[.titleText {fontSize: 12;}.bodyText {fontSize: 10;}.linkText {fontSize: 10;}]]></Style>
	</Theme>
	<Layout id="application" boxType="vbox" padding="8" gutter="4">
		<HBox gutter="4">
			<ChromelessVideoPlayer id="videoPlayer" video="{videoList.selectedItem}"/>
			<ViewStack id="appViews" selectedIndex="0" width="300">
				<List id="videoList" width="300" rowHeight="78" automaticAdvance="true" selectOnClick="true" itemInsetV="4" itemLeading="2">
					<ListItem boxType="hbox">
						<Spacer width="8"/>
						<VBox width="80" height="74" vAlign="middle">
							<ThumbnailButton height="60" data="{currentItem}" source="{currentItem.thumbnailURL}"/>
						</VBox>
						<Spacer width="7"/>
						<VBox>
							<Spacer height="4"/>
							<TitleLabel height="16" text="{currentItem.displayName}" truncate="true"/>
							<Label height="52" multiline="true" text="{currentItem.shortDescription}" truncate="true"/>
						</VBox>
						<Spacer width="3"/>
					</ListItem>
				</List>
				<Image id="stackImage"/>
			</ViewStack>
		</HBox>
		<HBox height="120">
			<Spacer width="7"/>
			<VBox>
				<TitleLabel height="24" width="765" id="videoTitle" text="{videoPlayer.video.displayName}" selected="true" size="18" truncate="true"/>
				<Canvas>
					<Link x="1" y="-4" size="10" id="relatedLink" text="{videoPlayer.video.linkText}" vAlign="bottom" url="{videoPlayer.video.linkURL}"/>
				</Canvas>
				<Image id="playerImage" height="80" width="330" source=""/>
			</VBox>
		</HBox>
	</Layout>
</Runtime>
